year;url
2022;https://orcid.figshare.com/articles/dataset/ORCID_Public_Data_File_2022/21220892
2021;https://doi.org/10.23640/07243.16750535.v1
2020;https://doi.org/10.23640/07243.13066970
2019;https://doi.org/10.23640/07243.9988322
2018;https://doi.org/10.23640/07243.7234028
2017;https://doi.org/10.6084/m9.figshare.5479792
2016;https://doi.org/10.6084/m9.figshare.4134027
2015;https://doi.org/10.6084/m9.figshare.1582705
2014;https://doi.org/10.14454/07243.2014.001
2013;https://doi.org/10.14454/07243.2013.001
